"","TEAM","MATCH UP","GAME DATE","W/L","MIN","PTS","FGM","FGA","FG%","3PM","3PA","3P%","FTM","FTA","FT%","OREB","DREB","REB","AST","STL","BLK","TOV","PF","+/-","Ho_Aw"
"1","LAC","LAC vs. DAL",2021-11-23,"L",265,104,35,85,41.2,10,32,31.3,24,29,82.8,12,35,47,17,5,3,19,24,-8,"H"
"2","DAL","DAL @ LAC",2021-11-23,"W",265,112,39,89,43.8,12,39,30.8,22,27,81.5,12,30,42,22,11,5,15,23,8,"A"
"3","POR","POR vs. DEN",2021-11-23,"W",240,119,45,88,51.1,15,39,38.5,14,20,70,12,31,43,25,12,7,9,18,19,"H"
"4","DEN","DEN @ POR",2021-11-23,"L",240,100,38,78,48.7,15,33,45.5,9,11,81.8,7,30,37,26,6,5,19,15,-19,"A"
"5","NYK","NYK vs. LAL",2021-11-23,"W",240,106,37,82,45.1,15,34,44.1,17,21,81,7,45,52,23,7,4,17,23,6,"H"
"6","LAL","LAL @ NYK",2021-11-23,"L",240,100,34,91,37.4,11,36,30.6,21,30,70,13,37,50,23,8,3,12,17,-6,"A"
"7","DET","DET vs. MIA",2021-11-23,"L",240,92,35,84,41.7,10,38,26.3,12,14,85.7,9,26,35,22,7,1,15,23,-8,"H"
"8","MIA","MIA @ DET",2021-11-23,"W",240,100,35,76,46.1,9,29,31,21,29,72.4,12,39,51,22,9,3,17,19,8,"A"
"9","SAC","SAC vs. PHI",2021-11-22,"L",240,94,33,80,41.3,7,31,22.6,21,29,72.4,11,38,49,17,4,0,14,19,-8,"H"
"10","PHI","PHI @ SAC",2021-11-22,"W",240,102,36,85,42.4,9,32,28.1,21,27,77.8,11,34,45,19,9,6,7,20,8,"A"
"11","CHA","CHA @ WAS",2021-11-22,"W",240,109,40,91,44,15,31,48.4,14,24,58.3,6,30,36,21,11,4,10,22,6,"A"
"12","WAS","WAS vs. CHA",2021-11-22,"L",240,103,36,94,38.3,9,37,24.3,22,27,81.5,20,45,65,23,6,6,18,20,-6,"H"
"13","BOS","BOS vs. HOU",2021-11-22,"W",240,108,39,92,42.4,12,35,34.3,18,19,94.7,11,47,58,19,10,3,15,24,18,"H"
"14","HOU","HOU @ BOS",2021-11-22,"L",240,90,31,83,37.3,11,42,26.2,17,24,70.8,4,38,42,19,5,4,15,20,-18,"A"
"15","MIN","MIN @ NOP",2021-11-22,"W",240,110,40,100,40,10,44,22.7,20,28,71.4,21,28,49,21,14,9,12,20,14,"A"
"16","NOP","NOP vs. MIN",2021-11-22,"L",240,96,37,88,42,6,32,18.8,16,18,88.9,15,33,48,24,6,6,23,23,-14,"H"
"17","UTA","UTA vs. MEM",2021-11-22,"L",240,118,41,87,47.1,17,43,39.5,19,25,76,10,36,46,26,5,10,14,20,-1,"H"
"18","MEM","MEM @ UTA",2021-11-22,"W",240,119,42,95,44.2,13,35,37.1,22,27,81.5,16,34,50,24,10,4,7,20,1,"A"
"19","SAS","SAS vs. PHX",2021-11-22,"L",240,111,49,93,52.7,5,20,25,8,16,50,11,33,44,23,9,4,15,16,-4,"H"
"20","PHX","PHX @ SAS",2021-11-22,"W",240,115,45,88,51.1,12,27,44.4,13,16,81.3,11,33,44,25,10,0,15,18,4,"A"
"21","ORL","ORL @ MIL",2021-11-22,"L",240,92,34,93,36.6,11,41,26.8,13,18,72.2,15,32,47,16,6,4,16,17,-31,"A"
"22","MIL","MIL vs. ORL",2021-11-22,"W",240,123,44,94,46.8,18,45,40,17,24,70.8,13,42,55,28,10,7,13,22,31,"H"
"23","IND","IND @ CHI",2021-11-22,"W",240,109,40,90,44.4,13,31,41.9,16,18,88.9,11,48,59,27,7,12,13,15,32,"A"
"24","CHI","CHI vs. IND",2021-11-22,"L",240,77,31,85,36.5,6,28,21.4,9,15,60,5,33,38,13,6,2,9,16,-32,"H"
"25","ATL","ATL vs. OKC",2021-11-22,"W",240,113,42,87,48.3,14,34,41.2,15,16,93.8,8,36,44,25,6,6,8,16,12,"H"
"26","OKC","OKC @ ATL",2021-11-22,"L",240,101,39,97,40.2,10,38,26.3,13,14,92.9,16,34,50,24,5,5,10,15,-12,"A"
"27","BKN","BKN @ CLE",2021-11-22,"W",240,117,45,95,47.4,11,35,31.4,16,18,88.9,8,34,42,32,6,6,10,23,5,"A"
"28","CLE","CLE vs. BKN",2021-11-22,"L",240,112,36,93,38.7,14,44,31.8,26,29,89.7,14,39,53,24,6,5,15,16,-5,"H"
"29","DET","DET vs. LAL",2021-11-21,"L",240,116,43,97,44.3,14,40,35,16,21,76.2,8,31,39,27,7,6,11,24,-5,"H"
"30","LAL","LAL @ DET",2021-11-21,"W",240,121,45,92,48.9,10,31,32.3,21,27,77.8,12,39,51,29,7,8,13,21,5,"A"
"31","LAC","LAC vs. DAL",2021-11-21,"W",240,97,36,75,48,12,29,41.4,13,18,72.2,8,34,42,18,5,2,15,15,6,"H"
"32","DAL","DAL @ LAC",2021-11-21,"L",240,91,34,83,41,6,30,20,17,18,94.4,8,31,39,21,6,5,10,21,-6,"A"
"33","DEN","DEN @ PHX",2021-11-21,"L",240,97,33,90,36.7,11,38,28.9,20,28,71.4,12,30,42,20,5,1,10,22,-29,"A"
"34","PHX","PHX vs. DEN",2021-11-21,"W",240,126,46,87,52.9,11,36,30.6,23,26,88.5,10,41,51,34,7,3,13,20,29,"H"
"35","GSW","GSW vs. TOR",2021-11-21,"W",240,119,39,79,49.4,22,45,48.9,19,24,79.2,8,39,47,31,5,7,16,18,15,"H"
"36","TOR","TOR @ GSW",2021-11-21,"L",240,104,39,99,39.4,15,37,40.5,11,20,55,18,29,47,25,7,4,11,21,-15,"A"
"37","NYK","NYK @ CHI",2021-11-21,"L",240,103,35,84,41.7,7,27,25.9,26,31,83.9,12,32,44,16,4,11,14,25,-6,"A"
"38","CHI","CHI vs. NYK",2021-11-21,"W",240,109,37,88,42,11,29,37.9,24,27,88.9,11,33,44,21,5,1,10,26,6,"H"
"39","SAC","SAC vs. UTA",2021-11-20,"L",240,105,41,91,45.1,10,31,32.3,13,21,61.9,8,27,35,20,8,5,8,14,-18,"H"
"40","UTA","UTA @ SAC",2021-11-20,"W",240,123,46,91,50.5,17,39,43.6,14,17,82.4,14,38,52,20,5,2,13,16,18,"A"
"41","POR","POR vs. PHI",2021-11-20,"W",240,118,40,80,50,15,34,44.1,23,23,100,5,33,38,23,6,7,13,21,7,"H"
"42","PHI","PHI @ POR",2021-11-20,"L",240,111,41,81,50.6,10,28,35.7,19,21,90.5,3,29,32,24,7,4,12,24,-7,"A"
"43","MIN","MIN vs. MEM",2021-11-20,"W",240,138,49,91,53.8,20,41,48.8,20,28,71.4,18,32,50,28,12,6,13,26,43,"H"
"44","MEM","MEM @ MIN",2021-11-20,"L",240,95,29,83,34.9,9,32,28.1,28,35,80,10,23,33,21,7,5,16,24,-43,"A"
"45","MIL","MIL vs. ORL",2021-11-20,"W",240,117,37,82,45.1,19,40,47.5,24,37,64.9,11,49,60,25,6,5,14,18,9,"H"
"46","ORL","ORL @ MIL",2021-11-20,"L",240,108,39,98,39.8,19,51,37.3,11,14,78.6,6,33,39,26,5,3,10,24,-9,"A"
"47","ATL","ATL vs. CHA",2021-11-20,"W",240,115,43,82,52.4,12,34,35.3,17,21,81,8,38,46,24,6,6,12,22,10,"H"
"48","CHA","CHA @ ATL",2021-11-20,"L",240,105,43,102,42.2,10,40,25,9,15,60,20,31,51,26,6,2,10,22,-10,"A"
"49","WAS","WAS vs. MIA",2021-11-20,"W",240,103,36,74,48.6,11,30,36.7,20,23,87,9,26,35,22,6,2,20,19,3,"H"
"50","MIA","MIA @ WAS",2021-11-20,"L",240,100,38,81,46.9,7,27,25.9,17,20,85,10,27,37,21,7,3,14,26,-3,"A"
"51","OKC","OKC @ BOS",2021-11-20,"L",240,105,39,96,40.6,18,42,42.9,9,16,56.3,15,39,54,23,5,0,10,15,-6,"A"
"52","BOS","BOS vs. OKC",2021-11-20,"W",240,111,41,88,46.6,17,39,43.6,12,14,85.7,8,40,48,28,4,7,7,11,6,"H"
"53","IND","IND vs. NOP",2021-11-20,"W",240,111,42,91,46.2,14,38,36.8,13,18,72.2,8,38,46,28,11,9,11,16,17,"H"
"54","NOP","NOP @ IND",2021-11-20,"L",240,94,35,88,39.8,6,18,33.3,18,19,94.7,11,41,52,17,7,5,16,14,-17,"A"
"55","NYK","NYK vs. HOU",2021-11-20,"W",240,106,33,78,42.3,18,41,43.9,22,26,84.6,4,33,37,25,12,7,15,23,7,"H"
"56","HOU","HOU @ NYK",2021-11-20,"L",240,99,38,84,45.2,10,39,25.6,13,22,59.1,13,35,48,21,5,8,22,21,-7,"A"
"57","DAL","DAL @ PHX",2021-11-19,"L",240,104,37,90,41.1,12,40,30,18,23,78.3,10,30,40,25,15,1,10,17,-8,"A"
"58","PHX","PHX vs. DAL",2021-11-19,"W",240,112,44,85,51.8,14,29,48.3,10,14,71.4,10,43,53,28,7,4,18,22,8,"H"
"59","CHI","CHI @ DEN",2021-11-19,"W",240,114,41,93,44.1,8,31,25.8,24,24,100,17,33,50,19,7,3,11,20,6,"A"
"60","DEN","DEN vs. CHI",2021-11-19,"L",240,108,39,82,47.6,14,37,37.8,16,20,80,7,31,38,24,5,5,14,22,-6,"H"
"61","ORL","ORL @ BKN",2021-11-19,"L",240,113,40,89,44.9,14,38,36.8,19,25,76,11,34,45,26,7,6,13,25,-2,"A"
"62","BKN","BKN vs. ORL",2021-11-19,"W",240,115,41,91,45.1,10,33,30.3,23,25,92,14,29,43,19,6,13,11,19,2,"H"
"63","LAL","LAL @ BOS",2021-11-19,"L",240,108,39,84,46.4,12,30,40,18,24,75,7,26,33,20,5,6,12,29,-22,"A"
"64","BOS","BOS vs. LAL",2021-11-19,"W",240,130,44,88,50,11,30,36.7,31,38,81.6,12,39,51,22,7,2,14,20,22,"H"
"65","NOP","NOP vs. LAC",2021-11-19,"W",240,94,38,87,43.7,13,30,43.3,5,8,62.5,12,43,55,19,9,1,13,12,13,"H"
"66","LAC","LAC @ NOP",2021-11-19,"L",240,81,34,90,37.8,9,37,24.3,4,5,80,8,35,43,22,7,4,12,12,-13,"A"
"67","GSW","GSW @ DET",2021-11-19,"W",240,105,38,80,47.5,12,30,40,17,21,81,14,34,48,22,8,4,19,23,3,"A"
"68","DET","DET vs. GSW",2021-11-19,"L",240,102,32,80,40,14,42,33.3,24,30,80,11,24,35,21,11,7,13,22,-3,"H"
"69","CHA","CHA vs. IND",2021-11-19,"W",240,121,44,81,54.3,12,31,38.7,21,28,75,6,39,45,28,8,7,17,26,3,"H"
"70","IND","IND @ CHA",2021-11-19,"L",240,118,41,88,46.6,11,36,30.6,25,32,78.1,8,30,38,19,10,6,10,24,-3,"A"
"71","SAC","SAC vs. TOR",2021-11-19,"L",240,89,32,84,38.1,9,37,24.3,16,25,64,11,29,40,15,8,4,15,18,-19,"H"
"72","TOR","TOR @ SAC",2021-11-19,"W",240,108,38,84,45.2,12,31,38.7,20,24,83.3,13,40,53,20,9,9,17,24,19,"A"
"73","MIL","MIL vs. OKC",2021-11-19,"W",240,96,31,83,37.3,12,41,29.3,22,26,84.6,6,47,53,21,9,5,13,18,7,"H"
"74","OKC","OKC @ MIL",2021-11-19,"L",240,89,32,91,35.2,12,48,25,13,21,61.9,11,42,53,17,6,4,12,22,-7,"A"
"75","MIN","MIN vs. SAS",2021-11-18,"W",240,115,41,86,47.7,21,49,42.9,12,15,80,12,35,47,30,5,9,13,17,25,"H"
"76","SAS","SAS @ MIN",2021-11-18,"L",240,90,35,84,41.7,6,32,18.8,14,19,73.7,11,31,42,26,7,6,12,12,-25,"A"
"77","LAC","LAC @ MEM",2021-11-18,"L",240,108,42,90,46.7,16,39,41,8,8,100,7,27,34,24,6,6,14,15,-12,"A"
"78","MEM","MEM vs. LAC",2021-11-18,"W",240,120,52,96,54.2,11,26,42.3,5,6,83.3,12,35,47,28,8,7,12,17,12,"H"
"79","WAS","WAS @ MIA",2021-11-18,"L",240,97,38,77,49.4,15,36,41.7,6,10,60,5,32,37,25,4,3,17,19,-15,"A"
"80","MIA","MIA vs. WAS",2021-11-18,"W",240,112,41,82,50,10,26,38.5,20,24,83.3,7,34,41,27,10,1,6,13,15,"H"
"81","GSW","GSW @ CLE",2021-11-18,"W",240,104,41,83,49.4,15,43,34.9,7,8,87.5,5,29,34,36,12,2,11,17,15,"A"
"82","CLE","CLE vs. GSW",2021-11-18,"L",240,89,34,80,42.5,12,39,30.8,9,16,56.3,13,29,42,22,6,3,20,11,-15,"H"
"83","TOR","TOR @ UTA",2021-11-18,"L",240,103,39,94,41.5,10,38,26.3,15,17,88.2,14,21,35,24,10,3,13,13,-16,"A"
"84","UTA","UTA vs. TOR",2021-11-18,"W",240,119,44,80,55,19,46,41.3,12,13,92.3,10,36,46,34,8,9,24,18,16,"H"
"85","PHI","PHI @ DEN",2021-11-18,"W",240,103,43,85,50.6,11,29,37.9,6,12,50,6,39,45,22,5,7,10,18,14,"A"
"86","DEN","DEN vs. PHI",2021-11-18,"L",240,89,32,89,36,12,36,33.3,13,16,81.3,10,36,46,22,6,4,11,14,-14,"H"
"87","CHI","CHI @ POR",2021-11-17,"L",240,107,39,83,47,13,29,44.8,16,20,80,10,26,36,23,7,9,15,23,-5,"A"
"88","POR","POR vs. CHI",2021-11-17,"W",240,112,37,84,44,11,31,35.5,27,28,96.4,12,32,44,26,10,5,17,19,5,"H"
"89","DAL","DAL @ PHX",2021-11-17,"L",240,98,38,91,41.8,16,32,50,6,6,100,8,41,49,28,5,2,10,14,-7,"A"
"90","PHX","PHX vs. DAL",2021-11-17,"W",240,105,41,93,44.1,13,39,33.3,10,14,71.4,8,41,49,27,6,7,8,9,7,"H"
"91","SAC","SAC @ MIN",2021-11-17,"L",240,97,34,93,36.6,10,38,26.3,19,25,76,20,27,47,19,7,3,20,22,-10,"A"
"92","MIN","MIN vs. SAC",2021-11-17,"W",240,107,41,82,50,10,36,27.8,15,18,83.3,10,25,35,20,8,10,17,24,10,"H"
"93","OKC","OKC vs. HOU",2021-11-17,"W",240,101,41,92,44.6,10,39,25.6,9,16,56.3,9,47,56,18,10,6,14,19,12,"H"
"94","HOU","HOU @ OKC",2021-11-17,"L",240,89,32,90,35.6,12,42,28.6,13,19,68.4,9,37,46,16,6,4,14,14,-12,"A"
"95","LAL","LAL @ MIL",2021-11-17,"L",240,102,40,96,41.7,12,43,27.9,10,12,83.3,11,37,48,24,8,4,13,19,-7,"A"
"96","MIL","MIL vs. LAL",2021-11-17,"W",240,109,40,87,46,12,37,32.4,17,24,70.8,9,43,52,22,9,4,15,10,7,"H"
"97","MIA","MIA vs. NOP",2021-11-17,"W",240,113,42,87,48.3,15,40,37.5,14,17,82.4,10,29,39,29,6,2,11,25,15,"H"
"98","NOP","NOP @ MIA",2021-11-17,"L",240,98,33,75,44,10,35,28.6,22,28,78.6,10,28,38,18,6,3,17,21,-15,"A"
"99","CLE","CLE @ BKN",2021-11-17,"L",240,99,35,89,39.3,11,44,25,18,21,85.7,12,38,50,20,9,1,14,17,-10,"A"
"100","BKN","BKN vs. CLE",2021-11-17,"W",240,109,38,83,45.8,12,32,37.5,21,25,84,8,39,47,29,7,3,12,20,10,"H"
"101","ATL","ATL vs. BOS",2021-11-17,"W",240,110,41,81,50.6,13,37,35.1,15,18,83.3,6,34,40,28,9,4,14,17,11,"H"
"102","BOS","BOS @ ATL",2021-11-17,"L",240,99,37,84,44,11,41,26.8,14,17,82.4,12,30,42,24,9,2,14,17,-11,"A"
"103","IND","IND @ DET",2021-11-17,"L",240,89,33,79,41.8,9,37,24.3,14,19,73.7,7,36,43,14,5,5,18,22,-8,"A"
"104","DET","DET vs. IND",2021-11-17,"W",240,97,34,80,42.5,8,28,28.6,21,28,75,8,34,42,16,13,5,13,20,8,"H"
"105","CHA","CHA vs. WAS",2021-11-17,"W",240,97,42,96,43.8,10,32,31.3,3,6,50,16,43,59,30,6,8,11,16,10,"H"
"106","WAS","WAS @ CHA",2021-11-17,"L",240,87,33,90,36.7,8,42,19,13,16,81.3,11,37,48,23,7,5,11,12,-10,"A"
"107","ORL","ORL @ NYK",2021-11-17,"W",240,104,39,96,40.6,11,38,28.9,15,18,83.3,14,37,51,20,7,3,15,19,6,"A"
"108","NYK","NYK vs. ORL",2021-11-17,"L",240,98,37,88,42,16,49,32.7,8,12,66.7,11,34,45,25,5,7,18,20,-6,"H"
"109","SAS","SAS @ LAC",2021-11-16,"L",240,92,41,95,43.2,5,22,22.7,5,7,71.4,6,35,41,26,10,4,16,17,-14,"A"
"110","LAC","LAC vs. SAS",2021-11-16,"W",240,106,37,85,43.5,12,38,31.6,20,22,90.9,6,46,52,16,9,3,21,13,14,"H"
"111","UTA","UTA vs. PHI",2021-11-16,"W",240,120,46,89,51.7,16,38,42.1,12,19,63.2,6,50,56,27,5,8,11,20,35,"H"
"112","PHI","PHI @ UTA",2021-11-16,"L",240,85,33,90,36.7,6,29,20.7,13,17,76.5,6,36,42,19,5,5,9,16,-35,"A"
"113","BKN","BKN vs. GSW",2021-11-16,"L",240,99,34,88,38.6,10,36,27.8,21,27,77.8,9,29,38,21,12,2,12,23,-18,"H"
"114","GSW","GSW @ BKN",2021-11-16,"W",240,117,41,79,51.9,13,40,32.5,22,28,78.6,9,44,53,25,4,8,22,27,18,"A"
"115","DEN","DEN @ DAL",2021-11-15,"L",240,101,40,84,47.6,9,32,28.1,12,17,70.6,10,36,46,20,4,5,12,16,-10,"A"
"116","DAL","DAL vs. DEN",2021-11-15,"W",240,111,45,90,50,14,36,38.9,7,10,70,10,34,44,30,7,2,9,19,10,"H"
"117","CHI","CHI @ LAL",2021-11-15,"W",240,121,49,89,55.1,15,34,44.1,8,11,72.7,4,32,36,31,9,2,17,21,18,"A"
"118","LAL","LAL vs. CHI",2021-11-15,"L",240,103,36,79,45.6,6,32,18.8,25,31,80.6,8,35,43,19,10,5,19,15,-18,"H"
"119","TOR","TOR @ POR",2021-11-15,"L",240,113,41,89,46.1,15,33,45.5,16,18,88.9,12,27,39,20,7,2,11,17,-5,"A"
"120","POR","POR vs. TOR",2021-11-15,"W",240,118,46,82,56.1,16,36,44.4,10,14,71.4,7,32,39,25,6,7,14,15,5,"H"
"121","PHX","PHX @ MIN",2021-11-15,"W",240,99,32,85,37.6,7,31,22.6,28,36,77.8,14,38,52,21,8,2,15,23,3,"A"
"122","MIN","MIN vs. PHX",2021-11-15,"L",240,96,31,85,36.5,13,44,29.5,21,27,77.8,13,41,54,18,8,3,21,28,-3,"H"
"123","OKC","OKC vs. MIA",2021-11-15,"L",240,90,34,83,41,15,41,36.6,7,10,70,9,33,42,26,6,10,20,15,-13,"H"
"124","MIA","MIA @ OKC",2021-11-15,"W",240,103,37,82,45.1,18,40,45,11,13,84.6,8,37,45,22,11,5,19,13,13,"A"
"125","HOU","HOU @ MEM",2021-11-15,"L",240,102,36,95,37.9,11,38,28.9,19,26,73.1,14,32,46,24,6,5,18,16,-34,"A"
"126","MEM","MEM vs. HOU",2021-11-15,"W",240,136,52,96,54.2,16,41,39,16,20,80,7,42,49,33,14,8,10,21,34,"H"
"127","NYK","NYK vs. IND",2021-11-15,"W",240,92,37,86,43,11,34,32.4,7,10,70,8,38,46,22,1,5,12,15,8,"H"
"128","IND","IND @ NYK",2021-11-15,"L",240,84,32,86,37.2,8,37,21.6,12,16,75,9,35,44,16,6,6,9,15,-8,"A"
"129","NOP","NOP @ WAS",2021-11-15,"L",240,100,30,74,40.5,11,21,52.4,29,34,85.3,7,38,45,20,2,3,12,25,-5,"A"
"130","WAS","WAS vs. NOP",2021-11-15,"W",240,105,39,84,46.4,10,28,35.7,17,25,68,6,36,42,23,9,4,6,22,5,"H"
"131","ORL","ORL @ ATL",2021-11-15,"L",240,111,43,95,45.3,16,43,37.2,9,14,64.3,12,29,41,30,8,5,16,27,-18,"A"
"132","ATL","ATL vs. ORL",2021-11-15,"W",240,129,47,85,55.3,14,30,46.7,21,32,65.6,9,37,46,32,10,7,11,17,18,"H"
"133","SAC","SAC @ DET",2021-11-15,"W",240,129,52,98,53.1,16,33,48.5,9,11,81.8,11,36,47,32,11,5,14,17,22,"A"
"134","DET","DET vs. SAC",2021-11-15,"L",240,107,39,96,40.6,13,47,27.7,16,17,94.1,16,31,47,23,7,2,18,10,-22,"H"
"135","CLE","CLE vs. BOS",2021-11-15,"L",240,92,32,83,38.6,16,40,40,12,16,75,7,35,42,18,6,3,14,18,-6,"H"
"136","BOS","BOS @ CLE",2021-11-15,"W",240,98,36,78,46.2,10,29,34.5,16,20,80,6,40,46,23,7,6,14,16,6,"A"
"137","DEN","DEN vs. POR",2021-11-14,"W",240,124,47,90,52.2,19,40,47.5,11,14,78.6,14,35,49,29,9,1,11,14,29,"H"
"138","POR","POR @ DEN",2021-11-14,"L",240,95,35,80,43.8,13,39,33.3,12,13,92.3,8,28,36,22,8,4,13,15,-29,"A"
"139","GSW","GSW @ CHA",2021-11-14,"L",240,102,38,90,42.2,9,39,23.1,17,25,68,11,38,49,31,8,7,15,17,-4,"A"
"140","CHA","CHA vs. GSW",2021-11-14,"W",240,106,42,88,47.7,14,36,38.9,8,12,66.7,4,35,39,23,10,2,13,21,4,"H"
"141","HOU","HOU vs. PHX",2021-11-14,"L",240,89,35,85,41.2,7,32,21.9,12,18,66.7,9,39,48,19,7,5,23,19,-26,"H"
"142","PHX","PHX @ HOU",2021-11-14,"W",240,115,42,97,43.3,14,40,35,17,20,85,12,40,52,19,16,7,10,19,26,"A"
"143","BKN","BKN @ OKC",2021-11-14,"W",240,120,41,82,50,18,43,41.9,20,21,95.2,7,37,44,31,8,3,15,15,24,"A"
"144","OKC","OKC vs. BKN",2021-11-14,"L",240,96,36,90,40,14,45,31.1,10,11,90.9,10,34,44,20,9,2,14,22,-24,"H"
"145","ATL","ATL vs. MIL",2021-11-14,"W",240,120,47,97,48.5,15,35,42.9,11,13,84.6,15,36,51,21,6,1,13,19,20,"H"
"146","MIL","MIL @ ATL",2021-11-14,"L",240,100,38,84,45.2,14,41,34.1,10,16,62.5,4,26,30,24,8,3,11,17,-20,"A"
"147","LAL","LAL vs. SAS",2021-11-14,"W",240,114,43,83,51.8,15,31,48.4,13,17,76.5,9,37,46,28,6,5,16,16,8,"H"
"148","SAS","SAS @ LAL",2021-11-14,"L",240,106,40,90,44.4,16,36,44.4,10,15,66.7,11,32,43,28,9,2,15,17,-8,"A"
"149","LAC","LAC vs. CHI",2021-11-14,"L",240,90,29,81,35.8,11,34,32.4,21,21,100,9,35,44,16,7,7,20,15,-10,"H"
"150","CHI","CHI @ LAC",2021-11-14,"W",240,100,38,86,44.2,11,29,37.9,13,14,92.9,7,38,45,19,9,4,15,20,10,"A"
"151","CLE","CLE vs. BOS",2021-11-13,"W",240,91,31,81,38.3,10,38,26.3,19,22,86.4,9,30,39,17,10,4,11,19,2,"H"
"152","BOS","BOS @ CLE",2021-11-13,"L",240,89,33,78,42.3,6,23,26.1,17,18,94.4,10,37,47,20,7,3,20,16,-2,"A"
"153","TOR","TOR vs. DET",2021-11-13,"L",240,121,44,87,50.6,13,34,38.2,20,31,64.5,15,24,39,21,9,1,13,25,-6,"H"
"154","DET","DET @ TOR",2021-11-13,"W",240,127,43,79,54.4,15,35,42.9,26,30,86.7,9,25,34,34,5,6,14,23,6,"A"
"155","IND","IND vs. PHI",2021-11-13,"W",240,118,47,82,57.3,14,28,50,10,15,66.7,7,30,37,33,7,10,15,21,5,"H"
"156","PHI","PHI @ IND",2021-11-13,"L",240,113,38,89,42.7,12,23,52.2,25,29,86.2,18,28,46,16,11,2,14,22,-5,"A"
"157","MEM","MEM @ NOP",2021-11-13,"L",240,101,38,88,43.2,8,24,33.3,17,21,81,13,26,39,21,6,6,9,19,-11,"A"
"158","NOP","NOP vs. MEM",2021-11-13,"W",240,112,38,79,48.1,14,29,48.3,22,25,88,8,29,37,29,5,6,14,22,11,"H"
"159","WAS","WAS @ ORL",2021-11-13,"W",240,104,42,84,50,12,35,34.3,8,10,80,7,41,48,29,6,7,16,17,12,"A"
"160","ORL","ORL vs. WAS",2021-11-13,"L",240,92,31,92,33.7,13,40,32.5,17,20,85,14,30,44,21,7,5,13,15,-12,"H"
"161","MIN","MIN @ LAC",2021-11-13,"L",240,102,40,102,39.2,11,36,30.6,11,16,68.8,12,29,41,25,8,6,11,15,-27,"A"
"162","LAC","LAC vs. MIN",2021-11-13,"W",240,129,53,99,53.5,16,40,40,7,9,77.8,11,46,57,35,6,8,14,17,27,"H"
"163","MIA","MIA @ UTA",2021-11-13,"W",240,111,42,85,49.4,13,33,39.4,14,16,87.5,13,35,48,23,6,3,21,25,6,"A"
"164","UTA","UTA vs. MIA",2021-11-13,"L",240,105,35,85,41.2,17,53,32.1,18,25,72,12,26,38,23,13,2,17,19,-6,"H"
"165","LAL","LAL vs. MIN",2021-11-12,"L",240,83,29,82,35.4,9,41,22,16,20,80,11,33,44,17,12,8,20,14,-24,"H"
"166","MIN","MIN @ LAL",2021-11-12,"W",240,107,43,94,45.7,12,37,32.4,9,12,75,14,40,54,24,10,4,16,21,24,"A"
"167","GSW","GSW vs. CHI",2021-11-12,"W",240,119,45,93,48.4,15,46,32.6,14,16,87.5,12,35,47,27,15,3,16,15,26,"H"
"168","CHI","CHI @ GSW",2021-11-12,"L",240,93,34,78,43.6,8,27,29.6,17,22,77.3,7,31,38,18,9,2,20,16,-26,"A"
"169","DEN","DEN vs. ATL",2021-11-12,"W",240,105,40,90,44.4,10,35,28.6,15,20,75,10,39,49,26,6,5,8,21,9,"H"
"170","ATL","ATL @ DEN",2021-11-12,"L",240,96,38,93,40.9,5,28,17.9,15,21,71.4,14,36,50,20,2,5,8,20,-9,"A"
"171","DAL","DAL @ SAS",2021-11-12,"W",240,123,46,100,46,18,45,40,13,19,68.4,10,38,48,30,9,7,6,18,14,"A"
"172","SAS","SAS vs. DAL",2021-11-12,"L",240,109,41,84,48.8,13,30,43.3,14,20,70,3,38,41,30,3,3,13,17,-14,"H"
"173","POR","POR @ HOU",2021-11-12,"W",240,104,34,87,39.1,11,36,30.6,25,31,80.6,11,41,52,21,10,4,14,27,12,"A"
"174","HOU","HOU vs. POR",2021-11-12,"L",240,92,34,85,40,7,32,21.9,17,27,63,9,40,49,13,6,6,13,23,-12,"H"
"175","OKC","OKC vs. SAC",2021-11-12,"W",240,105,42,99,42.4,10,30,33.3,11,15,73.3,16,36,52,13,8,6,10,18,2,"H"
"176","SAC","SAC @ OKC",2021-11-12,"L",240,103,38,95,40,14,41,34.1,13,17,76.5,11,38,49,20,5,7,14,12,-2,"A"
"177","MEM","MEM vs. PHX",2021-11-12,"L",240,94,37,98,37.8,7,33,21.2,13,23,56.5,17,42,59,19,6,6,15,16,-25,"H"
"178","PHX","PHX @ MEM",2021-11-12,"W",240,119,46,94,48.9,18,37,48.6,9,9,100,4,42,46,28,12,6,12,22,25,"A"
"179","MIL","MIL @ BOS",2021-11-12,"L",265,113,44,98,44.9,16,47,34,9,11,81.8,12,27,39,23,7,3,13,19,-9,"A"
"180","BOS","BOS vs. MIL",2021-11-12,"W",265,122,47,96,49,12,41,29.3,16,18,88.9,16,37,53,22,5,7,17,12,9,"H"
"181","DET","DET @ CLE",2021-11-12,"L",240,78,29,79,36.7,9,30,30,11,13,84.6,10,33,43,18,12,5,23,13,-20,"A"
"182","CLE","CLE vs. DET",2021-11-12,"W",240,98,39,82,47.6,14,41,34.1,6,9,66.7,8,32,40,27,12,6,21,11,20,"H"
"183","CHA","CHA vs. NYK",2021-11-12,"W",240,104,39,90,43.3,10,36,27.8,16,24,66.7,12,37,49,25,10,5,14,18,8,"H"
"184","NYK","NYK @ CHA",2021-11-12,"L",240,96,36,93,38.7,13,35,37.1,11,18,61.1,14,37,51,17,8,5,19,22,-8,"A"
"185","NOP","NOP vs. BKN",2021-11-12,"L",240,112,43,88,48.9,13,32,40.6,13,16,81.3,12,31,43,26,6,5,16,26,-8,"H"
"186","BKN","BKN @ NOP",2021-11-12,"W",240,120,41,82,50,18,34,52.9,20,27,74.1,7,27,34,27,9,4,12,20,8,"A"
"187","UTA","UTA vs. IND",2021-11-11,"L",240,100,39,83,47,9,32,28.1,13,23,56.5,7,30,37,22,6,4,12,16,-11,"H"
"188","IND","IND @ UTA",2021-11-11,"W",240,111,43,96,44.8,11,31,35.5,14,19,73.7,15,38,53,19,7,5,13,23,11,"A"
"189","TOR","TOR @ PHI",2021-11-11,"W",240,115,42,96,43.8,14,33,42.4,17,17,100,16,31,47,25,10,7,12,18,6,"A"
"190","PHI","PHI vs. TOR",2021-11-11,"L",240,109,40,88,45.5,11,34,32.4,18,19,94.7,9,30,39,29,8,8,12,16,-6,"H"
"191","MIA","MIA @ LAC",2021-11-11,"L",240,109,43,97,44.3,9,41,22,14,17,82.4,18,32,50,18,9,4,15,21,-3,"A"
"192","LAC","LAC vs. MIA",2021-11-11,"W",240,112,43,91,47.3,11,37,29.7,15,17,88.2,9,33,42,20,9,9,12,14,3,"H"
"193","LAL","LAL vs. MIA",2021-11-10,"W",265,120,46,92,50,18,38,47.4,10,16,62.5,9,41,50,26,5,6,23,27,3,"H"
"194","MIA","MIA @ LAL",2021-11-10,"L",265,117,40,96,41.7,10,37,27,27,35,77.1,11,36,47,26,14,2,14,25,-3,"A"
"195","MIN","MIN @ GSW",2021-11-10,"L",240,110,39,95,41.1,17,44,38.6,15,20,75,17,23,40,30,8,4,17,28,-13,"A"
"196","GSW","GSW vs. MIN",2021-11-10,"W",240,123,40,85,47.1,11,40,27.5,32,40,80,20,33,53,23,14,6,16,21,13,"H"
"197","MEM","MEM vs. CHA",2021-11-10,"L",240,108,45,107,42.1,9,38,23.7,9,15,60,20,37,57,27,14,8,16,18,-10,"H"
"198","CHA","CHA @ MEM",2021-11-10,"W",240,118,41,90,45.6,15,36,41.7,21,24,87.5,9,40,49,32,13,7,17,16,10,"A"
"199","IND","IND @ DEN",2021-11-10,"L",240,98,40,84,47.6,11,31,35.5,7,11,63.6,10,38,48,22,5,11,15,19,-3,"A"
"200","DEN","DEN vs. IND",2021-11-10,"W",240,101,36,84,42.9,12,30,40,17,20,85,11,28,39,19,5,4,10,14,3,"H"
"201","SAC","SAC @ SAS",2021-11-10,"L",240,117,47,91,51.6,10,36,27.8,13,16,81.3,11,33,44,20,4,6,15,26,-19,"A"
"202","SAS","SAS vs. SAC",2021-11-10,"W",240,136,49,92,53.3,18,32,56.3,20,31,64.5,12,31,43,34,11,3,8,16,19,"H"
"203","PHX","PHX vs. POR",2021-11-10,"W",240,119,49,94,52.1,11,28,39.3,10,12,83.3,9,30,39,27,6,6,11,20,10,"H"
"204","POR","POR @ PHX",2021-11-10,"L",240,109,44,91,48.4,7,30,23.3,14,16,87.5,14,32,46,24,5,2,16,21,-10,"A"
"205","OKC","OKC @ NOP",2021-11-10,"W",240,108,37,87,42.5,10,34,29.4,24,30,80,13,43,56,23,6,4,18,23,8,"A"
"206","NOP","NOP vs. OKC",2021-11-10,"L",240,100,34,97,35.1,9,35,25.7,23,32,71.9,19,31,50,24,13,5,10,20,-8,"H"
"207","DAL","DAL @ CHI",2021-11-10,"L",240,107,38,83,45.8,12,33,36.4,19,24,79.2,8,35,43,23,9,4,12,16,-10,"A"
"208","CHI","CHI vs. DAL",2021-11-10,"W",240,117,45,89,50.6,15,31,48.4,12,14,85.7,8,38,46,26,9,2,11,15,10,"H"
"209","HOU","HOU vs. DET",2021-11-10,"L",240,104,35,82,42.7,12,34,35.3,22,34,64.7,8,34,42,17,5,5,16,20,-8,"H"
"210","DET","DET @ HOU",2021-11-10,"W",240,112,42,97,43.3,16,48,33.3,12,18,66.7,16,33,49,23,6,6,14,26,8,"A"
"211","MIL","MIL @ NYK",2021-11-10,"W",240,112,40,90,44.4,26,50,52,6,9,66.7,13,37,50,29,4,4,15,17,12,"A"
"212","NYK","NYK vs. MIL",2021-11-10,"L",240,100,36,83,43.4,16,37,43.2,12,17,70.6,7,31,38,19,9,10,11,17,-12,"H"
"213","TOR","TOR @ BOS",2021-11-10,"L",240,88,33,77,42.9,6,25,24,16,19,84.2,6,35,41,20,8,8,18,17,-16,"A"
"214","BOS","BOS vs. TOR",2021-11-10,"W",240,104,42,94,44.7,10,29,34.5,10,15,66.7,12,32,44,21,10,5,15,13,16,"H"
"215","CLE","CLE vs. WAS",2021-11-10,"L",240,94,35,76,46.1,9,31,29,15,21,71.4,6,34,40,21,7,4,15,18,-3,"H"
"216","WAS","WAS @ CLE",2021-11-10,"W",240,97,35,84,41.7,10,28,35.7,17,17,100,12,37,49,25,9,2,12,20,3,"A"
"217","BKN","BKN @ ORL",2021-11-10,"W",240,123,46,91,50.5,16,37,43.2,15,17,88.2,8,41,49,29,8,5,15,18,33,"A"
"218","ORL","ORL vs. BKN",2021-11-10,"L",240,90,35,92,38,4,33,12.1,16,24,66.7,12,37,49,19,10,3,17,18,-33,"H"
"219","POR","POR @ LAC",2021-11-09,"L",240,109,43,91,47.3,14,37,37.8,9,12,75,9,34,43,29,6,5,10,15,-8,"A"
"220","LAC","LAC vs. POR",2021-11-09,"W",240,117,44,85,51.8,16,30,53.3,13,19,68.4,5,38,43,25,5,0,8,17,8,"H"
"221","UTA","UTA vs. ATL",2021-11-09,"W",240,110,41,81,50.6,15,38,39.5,13,16,81.3,8,36,44,21,8,4,15,20,12,"H"
"222","ATL","ATL @ UTA",2021-11-09,"L",240,98,37,85,43.5,18,35,51.4,6,10,60,6,26,32,22,6,5,13,18,-12,"A"
"223","MIL","MIL @ PHI",2021-11-09,"W",240,118,44,95,46.3,15,39,38.5,15,21,71.4,12,40,52,21,5,6,9,10,9,"A"
"224","PHI","PHI vs. MIL",2021-11-09,"L",240,109,42,103,40.8,14,43,32.6,11,12,91.7,13,33,46,21,7,7,7,20,-9,"H"
"225","LAL","LAL vs. CHA",2021-11-08,"W",265,126,44,91,48.4,13,32,40.6,25,35,71.4,8,43,51,30,11,8,15,23,3,"H"
"226","CHA","CHA @ LAL",2021-11-08,"L",265,123,43,99,43.4,14,42,33.3,23,28,82.1,14,41,55,23,5,3,18,23,-3,"A"
"227","GSW","GSW vs. ATL",2021-11-08,"W",240,127,44,92,47.8,18,44,40.9,21,22,95.5,10,29,39,31,13,4,14,22,14,"H"
"228","ATL","ATL @ GSW",2021-11-08,"L",240,113,38,82,46.3,17,43,39.5,20,26,76.9,3,32,35,21,6,2,18,16,-14,"A"
"229","SAC","SAC vs. PHX",2021-11-08,"L",240,104,37,82,45.1,10,24,41.7,20,26,76.9,8,38,46,18,6,6,24,18,-5,"H"
"230","PHX","PHX @ SAC",2021-11-08,"W",240,109,44,93,47.3,12,30,40,9,11,81.8,5,33,38,28,14,9,15,21,5,"A"
"231","DEN","DEN vs. MIA",2021-11-08,"W",240,113,42,91,46.2,12,41,29.3,17,24,70.8,12,37,49,28,7,5,10,23,17,"H"
"232","MIA","MIA @ DEN",2021-11-08,"L",240,96,31,78,39.7,13,36,36.1,21,25,84,6,31,37,22,3,3,13,20,-17,"A"
"233","MIN","MIN @ MEM",2021-11-08,"L",265,118,41,97,42.3,17,45,37.8,19,23,82.6,15,30,45,23,7,8,16,27,-7,"A"
"234","MEM","MEM vs. MIN",2021-11-08,"W",265,125,46,92,50,11,28,39.3,22,26,84.6,15,36,51,28,7,8,16,22,7,"H"
"235","DAL","DAL vs. NOP",2021-11-08,"W",240,108,43,85,50.6,14,35,40,8,13,61.5,9,37,46,27,7,3,13,15,16,"H"
"236","NOP","NOP @ DAL",2021-11-08,"L",240,92,37,87,42.5,9,34,26.5,9,11,81.8,9,30,39,27,7,0,14,16,-16,"A"
"237","CHI","CHI vs. BKN",2021-11-08,"W",240,118,46,98,46.9,9,31,29,17,20,85,15,41,56,21,8,5,9,17,23,"H"
"238","BKN","BKN @ CHI",2021-11-08,"L",240,95,34,86,39.5,11,33,33.3,16,19,84.2,6,36,42,19,6,7,15,16,-23,"A"
"239","NYK","NYK @ PHI",2021-11-08,"W",240,103,40,91,44,13,40,32.5,10,13,76.9,14,41,55,25,4,4,13,18,7,"A"
"240","PHI","PHI vs. NYK",2021-11-08,"L",240,96,35,91,38.5,13,40,32.5,13,16,81.3,12,35,47,20,7,6,9,13,-7,"H"
"241","OKC","OKC vs. SAS",2021-11-07,"W",240,99,35,94,37.2,12,42,28.6,17,20,85,15,42,57,21,5,7,15,14,5,"H"
"242","SAS","SAS @ OKC",2021-11-07,"L",240,94,41,100,41,6,30,20,6,9,66.7,11,35,46,29,9,10,10,16,-5,"A"
"243","TOR","TOR vs. BKN",2021-11-07,"L",240,103,41,87,47.1,7,30,23.3,14,18,77.8,8,27,35,23,10,6,8,16,-13,"H"
"244","BKN","BKN @ TOR",2021-11-07,"W",240,116,41,80,51.3,17,38,44.7,17,20,85,12,36,48,29,3,0,16,15,13,"A"
"245","MIL","MIL @ WAS",2021-11-07,"L",240,94,37,94,39.4,10,36,27.8,10,18,55.6,16,33,49,17,14,3,13,10,-7,"A"
"246","WAS","WAS vs. MIL",2021-11-07,"W",240,101,41,81,50.6,11,27,40.7,8,13,61.5,4,38,42,24,8,8,19,16,7,"H"
"247","SAC","SAC vs. IND",2021-11-07,"L",240,91,31,84,36.9,10,34,29.4,19,22,86.4,8,25,33,20,14,6,12,18,-3,"H"
"248","IND","IND @ SAC",2021-11-07,"W",240,94,37,83,44.6,6,25,24,14,18,77.8,13,41,54,13,8,7,21,24,3,"A"
"249","LAC","LAC vs. CHA",2021-11-07,"W",240,120,41,86,47.7,18,48,37.5,20,21,95.2,7,43,50,24,8,5,20,16,14,"H"
"250","CHA","CHA @ LAC",2021-11-07,"L",240,106,41,101,40.6,10,33,30.3,14,18,77.8,12,32,44,20,13,2,13,21,-14,"A"
"251","HOU","HOU @ GSW",2021-11-07,"L",240,107,36,79,45.6,10,33,30.3,25,37,67.6,12,30,42,17,11,3,21,16,-13,"A"
"252","GSW","GSW vs. HOU",2021-11-07,"W",240,120,44,85,51.8,15,46,32.6,17,20,85,7,34,41,31,12,3,17,28,13,"H"
"253","ORL","ORL vs. UTA",2021-11-07,"W",240,107,43,87,49.4,12,32,37.5,9,11,81.8,7,32,39,24,8,8,13,22,7,"H"
"254","UTA","UTA @ ORL",2021-11-07,"L",240,100,34,89,38.2,8,42,19,24,29,82.8,16,34,50,21,10,7,18,17,-7,"A"
"255","NYK","NYK vs. CLE",2021-11-07,"L",240,109,39,85,45.9,9,31,29,22,24,91.7,7,25,32,21,9,9,11,14,-17,"H"
"256","CLE","CLE @ NYK",2021-11-07,"W",240,126,49,90,54.4,19,35,54.3,9,11,81.8,11,37,48,31,8,2,17,18,17,"A"
"257","DEN","DEN vs. HOU",2021-11-06,"W",240,95,36,89,40.4,9,40,22.5,14,17,82.4,10,35,45,19,10,5,11,20,1,"H"
"258","HOU","HOU @ DEN",2021-11-06,"L",240,94,35,75,46.7,8,28,28.6,16,24,66.7,7,40,47,19,8,6,17,16,-1,"A"
"259","POR","POR vs. LAL",2021-11-06,"W",240,105,36,95,37.9,15,55,27.3,18,24,75,12,40,52,22,14,7,12,21,15,"H"
"260","LAL","LAL @ POR",2021-11-06,"L",240,90,31,90,34.4,9,32,28.1,19,24,79.2,11,48,59,20,8,5,19,17,-15,"A"
"261","ATL","ATL @ PHX",2021-11-06,"L",240,117,42,97,43.3,13,33,39.4,20,23,87,14,36,50,18,3,1,12,16,-4,"A"
"262","PHX","PHX vs. ATL",2021-11-06,"W",240,121,45,88,51.1,14,43,32.6,17,21,81,5,37,42,26,8,6,12,22,4,"H"
"263","DAL","DAL vs. BOS",2021-11-06,"W",240,107,41,78,52.6,13,39,33.3,12,14,85.7,7,33,40,19,7,6,15,18,3,"H"
"264","BOS","BOS @ DAL",2021-11-06,"L",240,104,42,86,48.8,9,31,29,11,16,68.8,8,28,36,20,6,2,11,14,-3,"A"
"265","CHI","CHI vs. PHI",2021-11-06,"L",240,105,37,92,40.2,7,29,24.1,24,30,80,18,28,46,20,7,1,9,19,-9,"H"
"266","PHI","PHI @ CHI",2021-11-06,"W",240,114,43,81,53.1,13,26,50,15,19,78.9,6,35,41,22,6,5,14,22,9,"A"
"267","MIA","MIA vs. UTA",2021-11-06,"W",240,118,47,78,60.3,11,21,52.4,13,17,76.5,7,29,36,30,3,1,14,18,3,"H"
"268","UTA","UTA @ MIA",2021-11-06,"L",240,115,43,83,51.8,15,45,33.3,14,19,73.7,7,24,31,26,10,3,6,19,-3,"A"
"269","SAC","SAC vs. CHA",2021-11-05,"W",240,140,48,87,55.2,22,44,50,22,26,84.6,13,43,56,29,5,1,18,21,30,"H"
"270","CHA","CHA @ SAC",2021-11-05,"L",240,110,43,92,46.7,11,35,31.4,13,21,61.9,7,21,28,29,8,5,10,19,-30,"A"
"271","IND","IND @ POR",2021-11-05,"L",240,106,43,88,48.9,14,42,33.3,6,10,60,7,33,40,28,8,2,11,18,-4,"A"
"272","POR","POR vs. IND",2021-11-05,"W",240,110,40,82,48.8,17,39,43.6,13,15,86.7,6,36,42,27,7,4,14,15,4,"H"
"273","LAC","LAC @ MIN",2021-11-05,"W",240,104,36,88,40.9,6,28,21.4,26,32,81.3,15,47,62,18,12,4,17,16,20,"A"
"274","MIN","MIN vs. LAC",2021-11-05,"L",240,84,31,89,34.8,17,52,32.7,5,7,71.4,7,35,42,17,8,7,22,33,-20,"H"
"275","NOP","NOP @ GSW",2021-11-05,"L",240,85,31,88,35.2,11,44,25,12,16,75,11,31,42,23,6,3,19,18,-41,"A"
"276","GSW","GSW vs. NOP",2021-11-05,"W",240,126,47,91,51.6,20,50,40,12,14,85.7,9,40,49,36,10,4,11,16,41,"H"
"277","TOR","TOR vs. CLE",2021-11-05,"L",240,101,42,99,42.4,12,27,44.4,5,9,55.6,19,26,45,20,10,8,10,19,-1,"H"
"278","CLE","CLE @ TOR",2021-11-05,"W",240,102,38,83,45.8,10,30,33.3,16,19,84.2,11,28,39,22,4,3,18,13,1,"A"
"279","MEM","MEM @ WAS",2021-11-05,"L",240,87,34,96,35.4,6,31,19.4,13,17,76.5,12,27,39,19,12,4,9,15,-28,"A"
"280","WAS","WAS vs. MEM",2021-11-05,"W",240,115,49,84,58.3,10,25,40,7,13,53.8,5,48,53,34,4,6,19,13,28,"H"
"281","ORL","ORL vs. SAS",2021-11-05,"L",240,89,35,89,39.3,12,41,29.3,7,10,70,7,36,43,23,9,12,18,13,-13,"H"
"282","SAS","SAS @ ORL",2021-11-05,"W",240,102,40,90,44.4,6,19,31.6,16,18,88.9,5,43,48,23,11,7,13,14,13,"A"
"283","BKN","BKN @ DET",2021-11-05,"W",240,96,36,80,45,11,27,40.7,13,14,92.9,4,41,45,25,3,4,17,21,6,"A"
"284","DET","DET vs. BKN",2021-11-05,"L",240,90,33,87,37.9,11,34,32.4,13,18,72.2,7,37,44,17,11,6,14,22,-6,"H"
"285","MIL","MIL vs. NYK",2021-11-05,"L",240,98,33,82,40.2,16,43,37.2,16,21,76.2,7,30,37,19,5,5,15,20,-15,"H"
"286","NYK","NYK @ MIL",2021-11-05,"W",240,113,41,96,42.7,10,40,25,21,26,80.8,20,39,59,16,12,4,15,17,15,"A"
"287","LAL","LAL vs. OKC",2021-11-04,"L",240,104,39,94,41.5,12,33,36.4,14,17,82.4,16,33,49,22,8,5,14,21,-3,"H"
"288","OKC","OKC @ LAL",2021-11-04,"W",240,107,37,87,42.5,15,41,36.6,18,26,69.2,12,38,50,23,7,2,16,16,3,"A"
"289","PHX","PHX vs. HOU",2021-11-04,"W",240,123,44,93,47.3,14,31,45.2,21,23,91.3,13,33,46,29,12,8,12,24,12,"H"
"290","HOU","HOU @ PHX",2021-11-04,"L",240,111,38,88,43.2,11,32,34.4,24,28,85.7,7,36,43,25,4,4,19,21,-12,"A"
"291","ATL","ATL vs. UTA",2021-11-04,"L",240,98,35,82,42.7,7,28,25,21,26,80.8,5,27,32,18,11,4,9,24,-18,"H"
"292","UTA","UTA @ ATL",2021-11-04,"W",240,116,41,81,50.6,17,41,41.5,17,23,73.9,8,38,46,30,6,4,17,20,18,"A"
"293","BOS","BOS @ MIA",2021-11-04,"W",240,95,31,78,39.7,16,41,39,17,20,85,11,35,46,16,7,4,16,16,17,"A"
"294","MIA","MIA vs. BOS",2021-11-04,"L",240,78,28,81,34.6,9,41,22,13,19,68.4,13,32,45,18,8,0,18,19,-17,"H"
"295","DET","DET vs. PHI",2021-11-04,"L",240,98,35,87,40.2,11,36,30.6,17,19,89.5,12,29,41,21,6,2,11,18,-11,"H"
"296","PHI","PHI @ DET",2021-11-04,"W",240,109,41,83,49.4,12,32,37.5,15,22,68.2,15,34,49,22,8,3,15,17,11,"A"
"297","NYK","NYK @ IND",2021-11-03,"L",240,98,36,87,41.4,5,24,20.8,21,27,77.8,14,32,46,23,7,6,10,19,-13,"A"
"298","IND","IND vs. NYK",2021-11-03,"W",240,111,42,91,46.2,16,41,39,11,14,78.6,10,39,49,26,7,7,13,22,13,"H"
"299","CHA","CHA @ GSW",2021-11-03,"L",240,92,34,91,37.4,10,36,27.8,14,19,73.7,9,40,49,18,10,2,16,14,-22,"A"
"300","GSW","GSW vs. CHA",2021-11-03,"W",240,114,42,86,48.8,18,45,40,12,18,66.7,7,46,53,33,14,4,17,17,22,"H"
"301","SAS","SAS vs. DAL",2021-11-03,"L",240,108,43,88,48.9,7,21,33.3,15,20,75,5,35,40,25,10,10,15,24,-1,"H"
"302","DAL","DAL @ SAS",2021-11-03,"W",240,109,40,93,43,8,34,23.5,21,29,72.4,15,41,56,21,10,4,19,23,1,"A"
"303","MIN","MIN vs. LAC",2021-11-03,"L",240,115,43,94,45.7,14,40,35,15,16,93.8,15,24,39,27,11,2,17,16,-11,"H"
"304","LAC","LAC @ MIN",2021-11-03,"W",240,126,47,78,60.3,21,36,58.3,11,12,91.7,3,32,35,33,6,7,21,14,11,"A"
"305","DEN","DEN @ MEM",2021-11-03,"L",240,106,43,91,47.3,8,27,29.6,12,13,92.3,11,33,44,24,7,4,12,16,-2,"A"
"306","MEM","MEM vs. DEN",2021-11-03,"W",240,108,42,81,51.9,16,34,47.1,8,14,57.1,3,33,36,28,9,7,12,16,2,"H"
"307","ATL","ATL @ BKN",2021-11-03,"L",240,108,41,94,43.6,13,35,37.1,13,15,86.7,12,40,52,23,8,4,14,16,-9,"A"
"308","BKN","BKN vs. ATL",2021-11-03,"W",240,117,43,88,48.9,22,48,45.8,9,12,75,7,35,42,34,7,8,16,18,9,"H"
"309","CHI","CHI @ PHI",2021-11-03,"L",240,98,38,82,46.3,6,21,28.6,16,18,88.9,9,38,47,19,11,4,16,17,-5,"A"
"310","PHI","PHI vs. CHI",2021-11-03,"W",240,103,38,77,49.4,12,28,42.9,15,21,71.4,5,30,35,24,9,4,14,15,5,"H"
"311","CLE","CLE vs. POR",2021-11-03,"W",240,107,39,74,52.7,15,30,50,14,18,77.8,5,38,43,29,4,2,19,14,3,"H"
"312","POR","POR @ CLE",2021-11-03,"L",240,104,40,90,44.4,13,37,35.1,11,17,64.7,10,29,39,24,12,6,9,19,-3,"A"
"313","ORL","ORL vs. BOS",2021-11-03,"L",240,79,27,84,32.1,9,43,20.9,16,20,80,8,38,46,15,8,1,15,20,-13,"H"
"314","BOS","BOS @ ORL",2021-11-03,"W",240,92,33,79,41.8,10,37,27,16,25,64,9,41,50,24,7,9,11,20,13,"A"
"315","WAS","WAS vs. TOR",2021-11-03,"L",240,100,34,78,43.6,8,32,25,24,30,80,10,34,44,19,6,7,13,15,-9,"H"
"316","TOR","TOR @ WAS",2021-11-03,"W",240,109,41,88,46.6,10,25,40,17,20,85,10,32,42,17,10,3,12,23,9,"A"
"317","SAC","SAC vs. NOP",2021-11-03,"W",240,112,42,80,52.5,10,30,33.3,18,22,81.8,4,33,37,27,8,7,8,21,13,"H"
"318","NOP","NOP @ SAC",2021-11-03,"L",240,99,37,86,43,12,34,35.3,13,15,86.7,8,32,40,24,1,3,17,16,-13,"A"
"319","DAL","DAL vs. MIA",2021-11-02,"L",240,110,37,84,44,14,42,33.3,22,31,71,11,30,41,17,1,3,10,21,-15,"H"
"320","MIA","MIA @ DAL",2021-11-02,"W",240,125,43,83,51.8,13,25,52,26,30,86.7,9,36,45,25,6,5,7,25,15,"A"
"321","DET","DET vs. MIL",2021-11-02,"L",240,89,30,93,32.3,8,47,17,21,30,70,14,29,43,21,5,5,14,22,-28,"H"
"322","MIL","MIL @ DET",2021-11-02,"W",240,117,42,84,50,17,37,45.9,16,21,76.2,9,43,52,28,7,8,17,23,28,"A"
"323","LAL","LAL vs. HOU",2021-11-02,"W",240,119,49,93,52.7,6,25,24,15,20,75,11,32,43,26,10,4,17,19,2,"H"
"324","HOU","HOU @ LAL",2021-11-02,"L",240,117,48,91,52.7,16,42,38.1,5,12,41.7,11,27,38,27,8,4,25,21,-2,"A"
"325","PHX","PHX vs. NOP",2021-11-02,"W",240,112,43,82,52.4,9,26,34.6,17,18,94.4,7,35,42,32,8,4,19,17,12,"H"
"326","NOP","NOP @ PHX",2021-11-02,"L",240,100,36,91,39.6,13,39,33.3,15,16,93.8,14,29,43,21,17,6,18,16,-12,"A"
"327","SAC","SAC @ UTA",2021-11-02,"L",240,113,42,93,45.2,12,31,38.7,17,24,70.8,6,32,38,24,8,8,11,24,-6,"A"
"328","UTA","UTA vs. SAC",2021-11-02,"W",240,119,43,98,43.9,14,48,29.2,19,27,70.4,15,44,59,16,7,6,17,23,6,"H"
"329","NYK","NYK vs. TOR",2021-11-01,"L",240,104,35,76,46.1,16,38,42.1,18,24,75,7,34,41,20,3,4,17,13,-9,"H"
"330","TOR","TOR @ NYK",2021-11-01,"W",240,113,43,99,43.4,14,42,33.3,13,14,92.9,13,35,48,24,12,4,9,20,9,"A"
"331","OKC","OKC @ LAC",2021-11-01,"L",240,94,35,90,38.9,11,37,29.7,13,16,81.3,10,41,51,17,8,6,16,18,-5,"A"
"332","LAC","LAC vs. OKC",2021-11-01,"W",240,99,35,92,38,15,42,35.7,14,19,73.7,13,38,51,18,8,5,14,14,5,"H"
"333","ORL","ORL @ MIN",2021-11-01,"W",240,115,37,82,45.1,17,43,39.5,24,30,80,12,39,51,21,5,7,16,19,18,"A"
"334","MIN","MIN vs. ORL",2021-11-01,"L",240,97,36,97,37.1,14,51,27.5,11,19,57.9,16,31,47,21,8,1,14,20,-18,"H"
"335","DEN","DEN @ MEM",2021-11-01,"L",240,97,39,88,44.3,9,38,23.7,10,15,66.7,6,34,40,27,8,8,12,10,-9,"A"
"336","MEM","MEM vs. DEN",2021-11-01,"W",240,106,44,97,45.4,13,34,38.2,5,7,71.4,11,44,55,20,8,4,13,18,9,"H"
"337","ATL","ATL vs. WAS",2021-11-01,"W",240,118,38,83,45.8,13,34,38.2,29,29,100,13,34,47,24,9,5,11,17,7,"H"
"338","WAS","WAS @ ATL",2021-11-01,"L",240,111,41,86,47.7,13,39,33.3,16,16,100,7,29,36,27,7,4,12,24,-7,"A"
"339","CHI","CHI @ BOS",2021-11-01,"W",240,128,49,86,57,13,31,41.9,17,18,94.4,10,40,50,30,7,8,18,19,14,"A"
"340","BOS","BOS vs. CHI",2021-11-01,"L",240,114,42,96,43.8,15,33,45.5,15,20,75,13,25,38,20,10,1,9,15,-14,"H"
"341","CLE","CLE @ CHA",2021-11-01,"W",240,113,39,90,43.3,9,28,32.1,26,38,68.4,17,32,49,21,12,7,16,14,3,"A"
"342","CHA","CHA vs. CLE",2021-11-01,"L",240,110,42,101,41.6,15,39,38.5,11,15,73.3,20,26,46,27,12,12,17,23,-3,"H"
"343","POR","POR @ PHI",2021-11-01,"L",240,103,40,84,47.6,12,34,35.3,11,18,61.1,13,32,45,21,5,2,15,15,-10,"A"
"344","PHI","PHI vs. POR",2021-11-01,"W",240,113,43,83,51.8,13,36,36.1,14,16,87.5,7,27,34,34,11,6,11,18,10,"H"
"345","SAS","SAS @ IND",2021-11-01,"L",240,118,47,89,52.8,14,28,50,10,14,71.4,8,28,36,34,6,4,17,9,-13,"A"
"346","IND","IND vs. SAS",2021-11-01,"W",240,131,52,91,57.1,18,38,47.4,9,12,75,10,29,39,37,11,4,16,19,13,"H"
"347","MIL","MIL vs. UTA",2021-10-31,"L",240,95,39,96,40.6,12,41,29.3,5,6,83.3,13,31,44,16,7,3,11,22,-12,"H"
"348","UTA","UTA @ MIL",2021-10-31,"W",240,107,35,75,46.7,12,37,32.4,25,27,92.6,7,37,44,13,6,10,13,10,12,"A"
"349","SAC","SAC @ DAL",2021-10-31,"L",240,99,38,96,39.6,7,36,19.4,16,20,80,17,39,56,20,6,3,13,19,-6,"A"
"350","DAL","DAL vs. SAC",2021-10-31,"W",240,105,40,90,44.4,12,37,32.4,13,20,65,10,35,45,24,8,4,10,20,6,"H"
"351","LAL","LAL vs. HOU",2021-10-31,"W",240,95,39,96,40.6,9,31,29,8,13,61.5,10,33,43,22,15,9,14,20,10,"H"
"352","HOU","HOU @ LAL",2021-10-31,"L",240,85,32,76,42.1,6,28,21.4,15,29,51.7,10,45,55,18,8,3,27,18,-10,"A"
"353","DET","DET @ BKN",2021-10-31,"L",240,91,32,79,40.5,12,33,36.4,15,22,68.2,7,22,29,21,12,3,15,18,-26,"A"
"354","BKN","BKN vs. DET",2021-10-31,"W",240,117,47,72,65.3,13,25,52,10,16,62.5,2,39,41,30,7,2,20,19,26,"H"
"355","CHA","CHA vs. POR",2021-10-31,"W",240,125,46,89,51.7,20,42,47.6,13,21,61.9,10,34,44,36,4,6,9,18,12,"H"
"356","POR","POR @ CHA",2021-10-31,"L",240,113,43,97,44.3,17,54,31.5,10,11,90.9,15,32,47,30,4,5,12,18,-12,"A"
"357","PHX","PHX vs. CLE",2021-10-30,"W",240,101,39,84,46.4,6,26,23.1,17,27,63,8,44,52,27,12,3,15,14,9,"H"
"358","CLE","CLE @ PHX",2021-10-30,"L",240,92,36,91,39.6,14,44,31.8,6,7,85.7,10,37,47,21,8,3,19,21,-9,"A"
"359","DEN","DEN @ MIN",2021-10-30,"W",240,93,36,88,40.9,9,37,24.3,12,16,75,14,34,48,24,11,10,18,15,2,"A"
"360","MIN","MIN vs. DEN",2021-10-30,"L",240,91,35,89,39.3,13,41,31.7,8,9,88.9,15,31,46,21,8,6,20,23,-2,"H"
"361","SAS","SAS @ MIL",2021-10-30,"W",240,102,39,95,41.1,7,31,22.6,17,24,70.8,8,41,49,28,12,3,10,13,9,"A"
"362","MIL","MIL vs. SAS",2021-10-30,"L",240,93,36,89,40.4,10,39,25.6,11,16,68.8,9,43,52,20,6,2,21,18,-9,"H"
"363","ATL","ATL @ PHI",2021-10-30,"L",240,94,36,95,37.9,8,22,36.4,14,19,73.7,20,29,49,24,6,1,19,17,-28,"A"
"364","PHI","PHI vs. ATL",2021-10-30,"W",240,122,46,86,53.5,12,38,31.6,18,19,94.7,5,32,37,24,11,6,12,24,28,"H"
"365","IND","IND vs. TOR",2021-10-30,"L",240,94,35,81,43.2,13,43,30.2,11,16,68.8,8,32,40,25,8,10,20,17,-3,"H"
"366","TOR","TOR @ IND",2021-10-30,"W",240,97,39,92,42.4,11,32,34.4,8,12,66.7,12,36,48,18,8,4,18,17,3,"A"
"367","DET","DET vs. ORL",2021-10-30,"W",240,110,36,89,40.4,14,43,32.6,24,30,80,17,31,48,26,12,6,16,18,7,"H"
"368","ORL","ORL @ DET",2021-10-30,"L",240,103,38,87,43.7,16,32,50,11,15,73.3,12,34,46,21,5,6,18,21,-7,"A"
"369","CHI","CHI vs. UTA",2021-10-30,"W",240,107,39,91,42.9,5,21,23.8,24,30,80,9,36,45,16,8,5,9,19,8,"H"
"370","UTA","UTA @ CHI",2021-10-30,"L",240,99,35,92,38,11,38,28.9,18,19,94.7,14,40,54,15,5,7,20,21,-8,"A"
"371","NOP","NOP vs. NYK",2021-10-30,"L",240,117,42,92,45.7,11,33,33.3,22,24,91.7,12,31,43,30,7,3,12,24,-6,"H"
"372","NYK","NYK @ NOP",2021-10-30,"W",240,123,42,81,51.9,19,33,57.6,20,25,80,5,32,37,22,7,4,12,21,6,"A"
"373","BOS","BOS @ WAS",2021-10-30,"L",290,112,44,107,41.1,2,26,7.7,22,25,88,8,46,54,23,8,10,12,32,-3,"A"
"374","WAS","WAS vs. BOS",2021-10-30,"W",290,115,38,104,36.5,10,36,27.8,29,36,80.6,12,50,62,19,6,7,13,22,3,"H"
"375","MEM","MEM vs. MIA",2021-10-30,"L",240,103,34,88,38.6,16,50,32,19,21,90.5,8,24,32,26,14,7,14,17,-26,"H"
"376","MIA","MIA @ MEM",2021-10-30,"W",240,129,46,88,52.3,21,37,56.8,16,19,84.2,11,39,50,31,12,2,18,17,26,"A"
"377","OKC","OKC @ GSW",2021-10-30,"L",240,82,29,83,34.9,8,39,20.5,16,21,76.2,3,42,45,14,8,6,16,8,-21,"A"
"378","GSW","GSW vs. OKC",2021-10-30,"W",240,103,39,92,42.4,21,54,38.9,4,8,50,10,46,56,30,9,8,16,21,21,"H"
"379","LAL","LAL vs. CLE",2021-10-29,"W",240,113,46,84,54.8,12,27,44.4,9,10,90,11,31,42,24,9,6,22,20,12,"H"
"380","CLE","CLE @ LAL",2021-10-29,"L",240,101,37,87,42.5,12,34,35.3,15,22,68.2,16,20,36,28,10,1,15,13,-12,"A"
"381","DAL","DAL @ DEN",2021-10-29,"L",240,75,23,78,29.5,8,37,21.6,21,27,77.8,6,30,36,14,8,3,15,17,-31,"A"
"382","DEN","DEN vs. DAL",2021-10-29,"W",240,106,43,83,51.8,11,36,30.6,9,13,69.2,5,46,51,28,8,3,20,24,31,"H"
"383","LAC","LAC @ POR",2021-10-29,"L",240,92,34,87,39.1,15,42,35.7,9,16,56.3,6,37,43,17,7,5,13,14,-19,"A"
"384","POR","POR vs. LAC",2021-10-29,"W",240,111,41,98,41.8,19,41,46.3,10,16,62.5,16,47,63,21,8,6,14,19,19,"H"
"385","NOP","NOP vs. SAC",2021-10-29,"L",240,109,42,98,42.9,9,34,26.5,16,25,64,13,36,49,18,9,6,10,22,-4,"H"
"386","SAC","SAC @ NOP",2021-10-29,"W",240,113,40,80,50,9,27,33.3,24,25,96,3,42,45,19,4,5,14,20,4,"A"
"387","BKN","BKN vs. IND",2021-10-29,"W",240,105,34,76,44.7,6,26,23.1,31,41,75.6,10,40,50,20,9,6,18,21,7,"H"
"388","IND","IND @ BKN",2021-10-29,"L",240,98,37,93,39.8,8,29,27.6,16,23,69.6,11,35,46,20,9,7,14,27,-7,"A"
"389","MIA","MIA vs. CHA",2021-10-29,"W",240,114,43,91,47.3,9,35,25.7,19,19,100,16,44,60,23,6,3,18,20,15,"H"
"390","CHA","CHA @ MIA",2021-10-29,"L",240,99,35,90,38.9,13,37,35.1,16,22,72.7,11,26,37,21,8,6,11,17,-15,"A"
"391","ORL","ORL @ TOR",2021-10-29,"L",240,109,41,87,47.1,16,34,47.1,11,16,68.8,12,34,46,24,1,5,17,24,-1,"A"
"392","TOR","TOR vs. ORL",2021-10-29,"W",240,110,43,86,50,9,30,30,15,22,68.2,9,31,40,18,11,2,8,18,1,"H"
"393","GSW","GSW vs. MEM",2021-10-28,"L",265,101,39,90,43.3,14,40,35,9,12,75,7,41,48,29,8,7,23,17,-3,"H"
"394","MEM","MEM @ GSW",2021-10-28,"W",265,104,39,97,40.2,12,48,25,14,14,100,10,41,51,25,17,9,18,14,3,"A"
"395","SAS","SAS @ DAL",2021-10-28,"L",240,99,39,88,44.3,12,30,40,9,15,60,11,37,48,21,6,11,15,16,-5,"A"
"396","DAL","DAL vs. SAS",2021-10-28,"W",240,104,41,89,46.1,18,45,40,4,13,30.8,9,36,45,18,4,7,13,19,5,"H"
"397","CHI","CHI vs. NYK",2021-10-28,"L",240,103,36,84,42.9,11,32,34.4,20,22,90.9,5,32,37,25,6,5,7,18,-1,"H"
"398","NYK","NYK @ CHI",2021-10-28,"W",240,104,39,85,45.9,11,29,37.9,15,20,75,11,38,49,16,5,7,13,21,1,"A"
"399","UTA","UTA @ HOU",2021-10-28,"W",240,122,41,85,48.2,16,46,34.8,24,30,80,10,48,58,24,8,4,20,23,31,"A"
"400","HOU","HOU vs. UTA",2021-10-28,"L",240,91,31,95,32.6,9,44,20.5,20,23,87,13,28,41,15,8,3,11,24,-31,"H"
"401","DET","DET @ PHI",2021-10-28,"L",240,102,35,86,40.7,13,39,33.3,19,27,70.4,10,27,37,22,11,4,14,22,-8,"A"
"402","PHI","PHI vs. DET",2021-10-28,"W",240,110,38,76,50,12,27,44.4,22,24,91.7,6,40,46,22,7,9,21,23,8,"H"
"403","WAS","WAS vs. ATL",2021-10-28,"W",240,122,46,99,46.5,13,34,38.2,17,21,81,14,37,51,26,6,4,9,16,11,"H"
"404","ATL","ATL @ WAS",2021-10-28,"L",240,111,48,88,54.5,6,21,28.6,9,14,64.3,6,37,43,26,4,3,13,16,-11,"A"
"405","LAC","LAC vs. CLE",2021-10-27,"L",240,79,31,87,35.6,9,41,22,8,13,61.5,9,27,36,19,13,2,14,24,-13,"H"
"406","CLE","CLE @ LAC",2021-10-27,"W",240,92,33,81,40.7,3,20,15,23,27,85.2,14,43,57,12,9,3,21,14,13,"A"
"407","POR","POR vs. MEM",2021-10-27,"W",240,116,39,84,46.4,15,36,41.7,23,31,74.2,13,35,48,22,11,6,14,20,20,"H"
"408","MEM","MEM @ POR",2021-10-27,"L",240,96,35,96,36.5,17,50,34,9,19,47.4,21,29,50,27,9,3,22,25,-20,"A"
"409","SAC","SAC @ PHX",2021-10-27,"W",240,110,42,95,44.2,15,38,39.5,11,15,73.3,8,32,40,28,7,6,12,20,3,"A"
"410","PHX","PHX vs. SAC",2021-10-27,"L",240,107,42,93,45.2,6,22,27.3,17,24,70.8,14,42,56,23,6,6,11,16,-3,"H"
"411","LAL","LAL @ OKC",2021-10-27,"L",240,115,46,92,50,11,35,31.4,12,14,85.7,10,30,40,29,8,2,17,22,-8,"A"
"412","OKC","OKC vs. LAL",2021-10-27,"W",240,123,43,86,50,15,37,40.5,22,29,75.9,10,32,42,21,8,3,16,16,8,"H"
"413","BOS","BOS vs. WAS",2021-10-27,"L",240,107,37,85,43.5,10,29,34.5,23,28,82.1,10,27,37,18,9,5,13,21,-9,"H"
"414","WAS","WAS @ BOS",2021-10-27,"W",240,116,43,84,51.2,9,25,36,21,29,72.4,11,36,47,18,8,7,16,20,9,"A"
"415","MIN","MIN @ MIL",2021-10-27,"W",240,113,43,91,47.3,13,45,28.9,14,17,82.4,10,39,49,29,5,4,17,20,5,"A"
"416","MIL","MIL vs. MIN",2021-10-27,"L",240,108,39,95,41.1,14,51,27.5,16,21,76.2,13,30,43,22,10,3,9,18,-5,"H"
"417","TOR","TOR vs. IND",2021-10-27,"W",240,118,46,100,46,14,30,46.7,12,19,63.2,16,25,41,22,18,6,12,20,18,"H"
"418","IND","IND @ TOR",2021-10-27,"L",240,100,38,79,48.1,10,29,34.5,14,17,82.4,9,31,40,19,6,7,23,19,-18,"A"
"419","NOP","NOP vs. ATL",2021-10-27,"L",240,99,40,93,43,11,36,30.6,8,9,88.9,9,35,44,24,5,6,10,19,-3,"H"
"420","ATL","ATL @ NOP",2021-10-27,"W",240,102,40,96,41.7,8,30,26.7,14,17,82.4,21,34,55,21,4,4,11,14,3,"A"
"421","BKN","BKN vs. MIA",2021-10-27,"L",240,93,33,85,38.8,14,43,32.6,13,14,92.9,4,38,42,21,7,7,16,24,-13,"H"
"422","MIA","MIA @ BKN",2021-10-27,"W",240,106,38,96,39.6,8,29,27.6,22,26,84.6,17,45,62,21,6,2,15,19,13,"A"
"423","CHA","CHA @ ORL",2021-10-27,"W",240,120,43,83,51.8,14,30,46.7,20,24,83.3,10,30,40,22,14,4,17,14,9,"A"
"424","ORL","ORL vs. CHA",2021-10-27,"L",240,111,43,88,48.9,15,40,37.5,10,13,76.9,8,25,33,22,6,2,19,21,-9,"H"
"425","OKC","OKC vs. GSW",2021-10-26,"L",240,98,36,86,41.9,12,34,35.3,14,17,82.4,9,33,42,19,7,3,14,18,-8,"H"
"426","GSW","GSW @ OKC",2021-10-26,"W",240,106,39,83,47,14,40,35,14,18,77.8,7,39,46,30,9,8,15,20,8,"A"
"427","UTA","UTA vs. DEN",2021-10-26,"W",240,122,44,85,51.8,12,39,30.8,22,29,75.9,8,33,41,20,5,6,14,22,12,"H"
"428","DEN","DEN @ UTA",2021-10-26,"L",240,110,42,83,50.6,10,28,35.7,16,24,66.7,5,30,35,19,9,3,13,23,-12,"A"
"429","SAS","SAS vs. LAL",2021-10-26,"L",265,121,48,108,44.4,13,36,36.1,12,22,54.5,16,43,59,33,10,6,16,22,-4,"H"
"430","LAL","LAL @ SAS",2021-10-26,"W",265,125,50,105,47.6,8,30,26.7,17,22,77.3,9,47,56,20,8,10,13,21,4,"A"
"431","DAL","DAL vs. HOU",2021-10-26,"W",240,116,43,93,46.2,12,43,27.9,18,25,72,14,36,50,25,9,7,15,22,10,"H"
"432","HOU","HOU @ DAL",2021-10-26,"L",240,106,36,86,41.9,16,39,41,18,26,69.2,11,38,49,24,7,3,17,21,-10,"A"
"433","NYK","NYK vs. PHI",2021-10-26,"W",240,112,41,87,47.1,16,37,43.2,14,15,93.3,13,32,45,24,7,5,15,18,13,"H"
"434","PHI","PHI @ NYK",2021-10-26,"L",240,99,36,82,43.9,12,41,29.3,15,17,88.2,12,28,40,24,9,4,15,14,-13,"A"
"435","TOR","TOR vs. CHI",2021-10-25,"L",240,108,40,83,48.2,12,30,40,16,20,80,13,34,47,27,8,1,21,18,-3,"H"
"436","CHI","CHI @ TOR",2021-10-25,"W",240,111,39,81,48.1,12,27,44.4,21,22,95.5,5,24,29,24,11,3,13,16,3,"A"
"437","DEN","DEN vs. CLE",2021-10-25,"L",240,87,35,86,40.7,9,38,23.7,8,12,66.7,11,36,47,21,10,3,22,22,-12,"H"
"438","CLE","CLE @ DEN",2021-10-25,"W",240,99,38,82,46.3,7,25,28,16,20,80,11,38,49,26,8,5,16,18,12,"A"
"439","MIN","MIN vs. NOP",2021-10-25,"L",240,98,31,90,34.4,15,50,30,21,27,77.8,11,30,41,20,10,7,11,19,-9,"H"
"440","NOP","NOP @ MIN",2021-10-25,"W",240,107,39,87,44.8,10,30,33.3,19,23,82.6,15,45,60,19,5,5,20,20,9,"A"
"441","POR","POR @ LAC",2021-10-25,"L",240,86,32,85,37.6,8,37,21.6,14,18,77.8,7,40,47,15,11,4,30,18,-30,"A"
"442","LAC","LAC vs. POR",2021-10-25,"W",240,116,44,93,47.3,14,43,32.6,14,19,73.7,5,38,43,37,21,6,17,23,30,"H"
"443","MIL","MIL @ IND",2021-10-25,"W",240,119,41,85,48.2,11,32,34.4,26,31,83.9,7,35,42,24,13,6,14,19,10,"A"
"444","IND","IND vs. MIL",2021-10-25,"L",240,109,40,90,44.4,14,36,38.9,15,17,88.2,12,35,47,23,6,1,19,24,-10,"H"
"445","DET","DET @ ATL",2021-10-25,"L",240,104,40,91,44,9,33,27.3,15,18,83.3,11,25,36,26,7,6,14,15,-18,"A"
"446","ATL","ATL vs. DET",2021-10-25,"W",240,122,46,90,51.1,12,32,37.5,18,21,85.7,10,39,49,24,11,3,16,19,18,"H"
"447","ORL","ORL @ MIA",2021-10-25,"L",240,90,33,81,40.7,12,44,27.3,12,19,63.2,6,33,39,21,7,6,18,22,-17,"A"
"448","MIA","MIA vs. ORL",2021-10-25,"W",240,107,41,87,47.1,6,27,22.2,19,19,100,9,33,42,28,10,2,11,19,17,"H"
"449","BKN","BKN vs. WAS",2021-10-25,"W",240,104,40,94,42.6,10,35,28.6,14,17,82.4,7,47,54,23,6,4,9,19,14,"H"
"450","WAS","WAS @ BKN",2021-10-25,"L",240,90,33,95,34.7,9,39,23.1,15,20,75,10,43,53,16,5,5,12,17,-14,"A"
"451","BOS","BOS @ CHA",2021-10-25,"W",265,140,50,101,49.5,19,50,38,21,25,84,11,42,53,33,8,9,12,23,11,"A"
"452","CHA","CHA vs. BOS",2021-10-25,"L",265,129,46,103,44.7,19,44,43.2,18,28,64.3,14,38,52,26,4,6,14,25,-11,"H"
"453","MEM","MEM @ LAL",2021-10-24,"L",240,118,45,100,45,13,35,37.1,15,18,83.3,18,31,49,25,13,4,17,20,-3,"A"
"454","LAL","LAL vs. MEM",2021-10-24,"W",240,121,45,84,53.6,16,30,53.3,15,22,68.2,9,27,36,29,10,12,17,14,3,"H"
"455","GSW","GSW @ SAC",2021-10-24,"W",240,119,43,97,44.3,13,37,35.1,20,24,83.3,14,29,43,26,12,3,7,13,12,"A"
"456","SAC","SAC vs. GSW",2021-10-24,"L",240,107,42,86,48.8,15,46,32.6,8,13,61.5,10,37,47,26,0,4,19,16,-12,"H"
"457","NYK","NYK vs. ORL",2021-10-24,"L",240,104,37,100,37,13,48,27.1,17,25,68,16,36,52,20,8,8,12,21,-6,"H"
"458","ORL","ORL @ NYK",2021-10-24,"W",240,110,36,88,40.9,12,43,27.9,26,34,76.5,10,47,57,22,7,4,13,25,6,"A"
"459","HOU","HOU vs. BOS",2021-10-24,"L",240,97,32,75,42.7,14,32,43.8,19,24,79.2,5,35,40,20,7,4,20,20,-10,"H"
"460","BOS","BOS @ HOU",2021-10-24,"W",240,107,38,86,44.2,15,47,31.9,16,20,80,6,37,43,22,10,6,12,22,10,"A"
"461","PHI","PHI @ OKC",2021-10-24,"W",240,115,41,88,46.6,17,41,41.5,16,20,80,12,35,47,25,4,9,12,17,12,"A"
"462","OKC","OKC vs. PHI",2021-10-24,"L",240,103,40,84,47.6,8,31,25.8,15,19,78.9,6,36,42,24,9,4,11,17,-12,"H"
"463","BKN","BKN vs. CHA",2021-10-24,"L",240,95,38,87,43.7,9,35,25.7,10,12,83.3,9,35,44,18,10,8,17,19,-16,"H"
"464","CHA","CHA @ BKN",2021-10-24,"W",240,111,43,94,45.7,10,30,33.3,15,19,78.9,10,38,48,26,10,5,12,17,16,"A"
"465","MEM","MEM @ LAC",2021-10-23,"W",240,120,42,90,46.7,15,36,41.7,21,25,84,13,35,48,26,5,3,11,19,6,"A"
"466","LAC","LAC vs. MEM",2021-10-23,"L",240,114,43,99,43.4,13,39,33.3,15,17,88.2,14,30,44,23,7,4,7,21,-6,"H"
"467","POR","POR vs. PHX",2021-10-23,"W",240,134,51,94,54.3,21,50,42,11,17,64.7,8,40,48,24,8,5,9,15,29,"H"
"468","PHX","PHX @ POR",2021-10-23,"L",240,105,43,89,48.3,9,28,32.1,10,15,66.7,7,31,38,27,6,1,14,19,-29,"A"
"469","SAS","SAS vs. MIL",2021-10-23,"L",240,111,48,99,48.5,10,39,25.6,5,6,83.3,10,28,38,29,10,4,13,18,-10,"H"
"470","MIL","MIL @ SAS",2021-10-23,"W",240,121,44,83,53,15,35,42.9,18,22,81.8,7,37,44,21,6,5,22,15,10,"A"
"471","NOP","NOP @ MIN",2021-10-23,"L",240,89,31,89,34.8,9,40,22.5,18,23,78.3,21,40,61,15,10,5,30,22,-7,"A"
"472","MIN","MIN vs. NOP",2021-10-23,"W",240,96,39,96,40.6,12,38,31.6,6,10,60,13,34,47,22,13,8,20,25,7,"H"
"473","CHI","CHI vs. DET",2021-10-23,"W",240,97,35,84,41.7,11,26,42.3,16,19,84.2,3,39,42,24,13,11,13,17,15,"H"
"474","DET","DET @ CHI",2021-10-23,"L",240,82,34,88,38.6,5,28,17.9,9,15,60,11,42,53,14,9,8,23,17,-15,"A"
"475","DAL","DAL @ TOR",2021-10-23,"W",240,103,38,91,41.8,14,42,33.3,13,18,72.2,13,37,50,24,6,6,9,22,8,"A"
"476","TOR","TOR vs. DAL",2021-10-23,"L",240,95,34,85,40,11,37,29.7,16,23,69.6,11,38,49,17,7,6,12,23,-8,"H"
"477","IND","IND vs. MIA",2021-10-23,"W",265,102,38,97,39.2,10,39,25.6,16,21,76.2,14,41,55,18,10,5,16,18,11,"H"
"478","MIA","MIA @ IND",2021-10-23,"L",265,91,35,91,38.5,9,33,27.3,12,14,85.7,10,45,55,18,4,2,22,25,-11,"A"
"479","CLE","CLE vs. ATL",2021-10-23,"W",240,101,37,89,41.6,7,28,25,20,27,74.1,12,42,54,23,6,6,10,16,6,"H"
"480","ATL","ATL @ CLE",2021-10-23,"L",240,95,38,99,38.4,10,34,29.4,9,15,60,17,37,54,20,5,3,9,23,-6,"A"
"481","SAC","SAC vs. UTA",2021-10-22,"L",240,101,39,99,39.4,8,36,22.2,15,21,71.4,16,36,52,20,15,5,15,22,-9,"H"
"482","UTA","UTA @ SAC",2021-10-22,"W",240,110,37,90,41.1,16,42,38.1,20,23,87,13,38,51,16,14,3,19,17,9,"A"
"483","PHX","PHX @ LAL",2021-10-22,"W",240,115,42,86,48.8,10,32,31.3,21,28,75,7,40,47,31,8,2,12,22,10,"A"
"484","LAL","LAL vs. PHX",2021-10-22,"L",240,105,34,86,39.5,15,34,44.1,22,29,75.9,12,34,46,25,7,3,16,26,-10,"H"
"485","SAS","SAS @ DEN",2021-10-22,"L",240,96,40,84,47.6,6,24,25,10,14,71.4,7,32,39,24,11,2,20,17,-6,"A"
"486","DEN","DEN vs. SAS",2021-10-22,"W",240,102,44,86,51.2,9,30,30,5,8,62.5,8,33,41,26,10,2,21,21,6,"H"
"487","OKC","OKC @ HOU",2021-10-22,"L",240,91,34,91,37.4,14,43,32.6,9,16,56.3,8,31,39,22,9,4,19,21,-33,"A"
"488","HOU","HOU vs. OKC",2021-10-22,"W",240,124,48,95,50.5,17,38,44.7,11,14,78.6,10,44,54,29,12,10,17,18,33,"H"
"489","NOP","NOP @ CHI",2021-10-22,"L",240,112,42,87,48.3,15,29,51.7,13,16,81.3,9,33,42,26,7,5,17,20,-16,"A"
"490","CHI","CHI vs. NOP",2021-10-22,"W",240,128,47,89,52.8,14,28,50,20,25,80,11,35,46,32,9,7,14,14,16,"H"
"491","BKN","BKN @ PHI",2021-10-22,"W",240,114,41,88,46.6,12,38,31.6,20,24,83.3,11,36,47,26,6,6,13,16,5,"A"
"492","PHI","PHI vs. BKN",2021-10-22,"L",240,109,43,91,47.3,14,36,38.9,9,11,81.8,5,30,35,17,8,9,10,21,-5,"H"
"493","TOR","TOR @ BOS",2021-10-22,"W",240,115,42,100,42,10,35,28.6,21,21,100,21,39,60,22,16,2,12,13,32,"A"
"494","BOS","BOS vs. TOR",2021-10-22,"L",240,83,32,82,39,11,34,32.4,8,11,72.7,10,32,42,19,6,12,25,19,-32,"H"
"495","WAS","WAS vs. IND",2021-10-22,"W",265,135,49,94,52.1,19,38,50,18,19,94.7,6,32,38,24,5,6,9,21,1,"H"
"496","IND","IND @ WAS",2021-10-22,"L",265,134,52,97,53.6,15,34,44.1,15,20,75,7,35,42,28,5,6,12,22,-1,"A"
"497","NYK","NYK @ ORL",2021-10-22,"W",240,121,44,88,50,24,54,44.4,9,17,52.9,6,32,38,34,10,4,11,19,25,"A"
"498","ORL","ORL vs. NYK",2021-10-22,"L",240,96,33,83,39.8,17,43,39.5,13,15,86.7,9,37,46,24,5,3,19,18,-25,"H"
"499","CHA","CHA @ CLE",2021-10-22,"W",240,123,48,91,52.7,13,32,40.6,14,17,82.4,11,35,46,32,13,1,18,16,11,"A"
"500","CLE","CLE vs. CHA",2021-10-22,"L",240,112,43,84,51.2,9,31,29,17,20,85,7,29,36,26,9,3,19,15,-11,"H"
"501","LAC","LAC @ GSW",2021-10-21,"L",240,113,42,96,43.8,14,40,35,15,21,71.4,8,31,39,24,9,2,7,25,-2,"A"
"502","GSW","GSW vs. LAC",2021-10-21,"W",240,115,43,83,51.8,15,31,48.4,14,22,63.6,10,43,53,27,5,4,21,20,2,"H"
"503","MIA","MIA vs. MIL",2021-10-21,"W",240,137,51,96,53.1,15,35,42.9,20,31,64.5,11,47,58,28,8,2,11,26,42,"H"
"504","MIL","MIL @ MIA",2021-10-21,"L",240,95,32,84,38.1,12,42,28.6,19,29,65.5,5,33,38,19,6,0,15,26,-42,"A"
"505","DAL","DAL @ ATL",2021-10-21,"L",240,87,31,93,33.3,13,43,30.2,12,13,92.3,10,40,50,16,7,3,15,21,-26,"A"
"506","ATL","ATL vs. DAL",2021-10-21,"W",240,113,45,94,47.9,15,35,42.9,8,9,88.9,6,49,55,31,8,9,13,16,26,"H"
"507","UTA","UTA vs. OKC",2021-10-20,"W",240,107,40,91,44,14,47,29.8,13,15,86.7,12,41,53,18,6,5,10,19,21,"H"
"508","OKC","OKC @ UTA",2021-10-20,"L",240,86,34,91,37.4,7,35,20,11,18,61.1,15,35,50,19,4,2,15,15,-21,"A"
"509","POR","POR vs. SAC",2021-10-20,"L",240,121,45,93,48.4,12,35,34.3,19,22,86.4,9,40,49,25,5,5,13,22,-3,"H"
"510","SAC","SAC @ POR",2021-10-20,"W",240,124,42,92,45.7,17,41,41.5,23,29,79.3,7,36,43,24,6,4,10,22,3,"A"
"511","DEN","DEN @ PHX",2021-10-20,"W",240,110,44,83,53,17,39,43.6,5,9,55.6,6,40,46,25,9,1,19,20,12,"A"
"512","PHX","PHX vs. DEN",2021-10-20,"L",240,98,36,87,41.4,14,37,37.8,12,17,70.6,11,34,45,23,9,3,18,18,-12,"H"
"513","SAS","SAS vs. ORL",2021-10-20,"W",240,123,49,98,50,13,30,43.3,12,18,66.7,13,30,43,32,8,3,8,22,26,"H"
"514","ORL","ORL @ SAS",2021-10-20,"L",240,97,35,86,40.7,9,29,31,18,23,78.3,13,31,44,17,6,6,16,20,-26,"A"
"515","BOS","BOS @ NYK",2021-10-20,"L",290,134,48,117,41,21,57,36.8,17,23,73.9,15,41,56,34,13,9,18,24,-4,"A"
"516","NYK","NYK vs. BOS",2021-10-20,"W",290,138,51,105,48.6,17,45,37.8,19,27,70.4,7,48,55,27,9,10,19,22,4,"H"
"517","HOU","HOU @ MIN",2021-10-20,"L",240,106,40,88,45.5,11,33,33.3,15,22,68.2,12,29,41,21,13,3,24,25,-18,"A"
"518","MIN","MIN vs. HOU",2021-10-20,"W",240,124,42,87,48.3,16,38,42.1,24,31,77.4,13,33,46,26,18,12,18,22,18,"H"
"519","CLE","CLE @ MEM",2021-10-20,"L",240,121,47,93,50.5,14,38,36.8,13,18,72.2,7,29,36,38,6,5,11,17,-11,"A"
"520","MEM","MEM vs. CLE",2021-10-20,"W",240,132,53,100,53,14,33,42.4,12,12,100,13,40,53,28,8,8,12,15,11,"H"
"521","PHI","PHI @ NOP",2021-10-20,"W",240,117,44,85,51.8,13,25,52,16,20,80,6,41,47,24,9,5,13,11,20,"A"
"522","NOP","NOP vs. PHI",2021-10-20,"L",240,97,39,93,41.9,13,30,43.3,6,9,66.7,10,34,44,28,5,6,14,16,-20,"H"
"523","TOR","TOR vs. WAS",2021-10-20,"L",240,83,30,97,30.9,7,34,20.6,16,22,72.7,19,35,54,14,10,4,19,21,-15,"H"
"524","WAS","WAS @ TOR",2021-10-20,"W",240,98,36,81,44.4,5,27,18.5,21,26,80.8,7,44,51,20,14,8,22,17,15,"A"
"525","CHI","CHI @ DET",2021-10-20,"W",240,94,37,86,43,7,23,30.4,13,15,86.7,9,39,48,18,8,5,17,19,6,"A"
"526","DET","DET vs. CHI",2021-10-20,"L",240,88,36,90,40,6,28,21.4,10,13,76.9,11,36,47,17,7,5,17,16,-6,"H"
"527","IND","IND @ CHA",2021-10-20,"L",240,122,42,90,46.7,17,47,36.2,21,24,87.5,8,43,51,29,2,10,17,24,-1,"A"
"528","CHA","CHA vs. IND",2021-10-20,"W",240,123,46,107,43,13,31,41.9,18,27,66.7,12,34,46,29,9,5,8,21,1,"H"
"529","MIL","MIL vs. BKN",2021-10-19,"W",240,127,48,105,45.7,17,45,37.8,14,18,77.8,13,41,54,25,8,9,8,19,23,"H"
"530","BKN","BKN @ MIL",2021-10-19,"L",240,104,37,84,44,17,32,53.1,13,23,56.5,5,39,44,19,3,9,13,17,-23,"A"
"531","LAL","LAL vs. GSW",2021-10-19,"L",240,114,45,95,47.4,15,42,35.7,9,19,47.4,5,40,45,21,7,4,18,25,-7,"H"
"532","GSW","GSW @ LAL",2021-10-19,"W",240,121,41,93,44.1,14,39,35.9,25,30,83.3,9,41,50,30,9,2,17,18,7,"A"
